{"cameraMode":{"drawMode":0,"name":"Shaded","section":"Shading Mode"},"sceneLighting":true,"audioPlay":false,"sceneViewState":{"m_AlwaysRefresh":false,"showFog":true,"showSkybox":true,"showFlares":true,"showImageEffects":true,"showParticleSystems":true,"showVisualEffectGraphs":true,"m_FxEnabled":true},"in2DMode":false,"pivot":{"x":2.444075584411621,"y":-10.422520637512207,"z":37.275611877441409},"rotation":{"x":-0.1615138202905655,"y":-0.03295634686946869,"z":0.005406003445386887,"w":-0.9863374829292297},"size":24.42347526550293,"orthographic":false}