{"cameraMode":{"drawMode":0,"name":"Shaded","section":"Shading Mode"},"sceneLighting":true,"audioPlay":false,"sceneViewState":{"m_AlwaysRefresh":false,"showFog":true,"showSkybox":true,"showFlares":true,"showImageEffects":true,"showParticleSystems":true,"showVisualEffectGraphs":true,"m_FxEnabled":true},"in2DMode":false,"pivot":{"x":-1.4415514469146729,"y":3.5783579349517824,"z":29.8081111907959},"rotation":{"x":0.028183704242110254,"y":0.013093296438455582,"z":0.0003678739012684673,"w":-0.9995436072349548},"size":20.480581283569337,"orthographic":false}